Title,Category,Subject,Description
Item 1,Company Events,Annual Meeting,"This is a plain text description for the annual company meeting. It contains basic information about the event and what attendees can expect."
Item 2,Company Events,Annual Meeting,"https://www.pixelstalk.net/wp-content/uploads/2016/07/Free-Amazing-Background-Images-Nature.jpg"
Item 3,Company Events,Annual Meeting,"This is a rich text description with formatting and styling for the annual meeting. It includes multiple paragraphs and colored text."
Item 4,Company Events,Team Building,"Team building activities help improve collaboration and communication among team members. This event focuses on building stronger relationships."
Item 5,Company Events,Team Building,"https://www.pixelstalk.net/wp-content/uploads/2016/08/Beautiful-nature-cool-images-background-hd.jpg"
Item 6,Company Events,Team Building,"Team Building Event: Join us for an exciting team building experience featuring group activities, problem solving challenges, and team competitions."
Item 7,Company Events,Holiday Party,"The annual holiday party is a celebration of our team's hard work throughout the year. Food, drinks, and entertainment provided."
Item 8,Company Events,Holiday Party,"https://BadURL/BadURL.jpg"
Item 9,Company Events,Holiday Party,"Holiday Party 2025: Celebrate the season with your colleagues! Dress code: Festive attire."
Item 10,Projects,Website Redesign,"The website redesign project aims to improve user experience and modernize our online presence. This is a multi-phase project."
Item 11,Projects,Website Redesign,"https://www.pixelstalk.net/wp-content/uploads/2016/07/Free-Amazing-Background-Images-Nature.jpg"
Item 12,Projects,Website Redesign,"Website Redesign Project: Project status is In Progress. Key objectives include improving navigation, enhancing mobile experience, and updating content structure."
Item 13,Projects,Website Redesign,"Phase 1 of the website redesign focuses on user research and requirements gathering. We're conducting surveys and interviews."
Item 14,Projects,Website Redesign,"https://www.pixelstalk.net/wp-content/uploads/2016/08/Beautiful-nature-cool-images-background-hd.jpg"
Item 15,Projects,Website Redesign,"Phase 1 completed! Moving to Phase 2: Design and Prototyping. Timeline: 4-6 weeks."
Item 16,Projects,Website Redesign,"Phase 2 involves creating wireframes and prototypes based on the requirements gathered in Phase 1."
Item 17,Projects,Website Redesign,"https://BadURL/BadURL.jpg"
Item 18,Projects,Website Redesign,"Phase 2: Design - Creating wireframes and prototypes. Deadline: End of month."
Item 19,Projects,Mobile App Development,"The mobile app development project will create a companion app for our main website. This will improve customer engagement."
Item 20,Projects,Mobile App Development,"https://www.pixelstalk.net/wp-content/uploads/2016/07/Free-Amazing-Background-Images-Nature.jpg"
Item 21,Projects,Mobile App Development,"Mobile App Development: Creating a companion app with user authentication, push notifications, and offline functionality."
Item 22,Projects,Mobile App Development,"Development is proceeding on schedule. The core functionality has been implemented and we're now testing."
Item 23,Projects,Mobile App Development,"https://www.pixelstalk.net/wp-content/uploads/2016/08/Beautiful-nature-cool-images-background-hd.jpg"
Item 24,Projects,Mobile App Development,"Testing phase in progress. Beta release scheduled for next month."
Item 25,Projects,Mobile App Development,"Final testing and bug fixes are being completed. The app will be ready for release soon."
Item 26,Projects,Mobile App Development,"https://BadURL/BadURL.jpg"
Item 27,Projects,Mobile App Development,"Launch Ready! App testing complete. Ready for production release."
Item 28,Projects,Data Migration,"The data migration project involves moving our legacy systems to modern cloud-based solutions. This is a critical infrastructure upgrade."
Item 29,Projects,Data Migration,"https://www.pixelstalk.net/wp-content/uploads/2016/07/Free-Amazing-Background-Images-Nature.jpg"
Item 30,Projects,Data Migration,"Data Migration Project: Migrating from legacy systems to cloud. Priority: High. Estimated completion: 3 months."
Item 31,Projects,Data Migration,"Planning phase is complete. We've identified all data sources and created migration strategies for each system."
Item 32,Projects,Data Migration,"https://www.pixelstalk.net/wp-content/uploads/2016/08/Beautiful-nature-cool-images-background-hd.jpg"
Item 33,Projects,Data Migration,"Migration strategy approved. Starting with non-critical systems first."
Item 34,Projects,Data Migration,"Execution phase has begun. We're migrating data in batches to minimize disruption to daily operations."
Item 35,Projects,Data Migration,"https://BadURL/BadURL.jpg"
Item 36,Projects,Data Migration,"Migration Progress: Phase 1 Complete, Phase 2 In Progress, Phase 3 Pending."
Item 37,Training,New Employee Orientation,"New employee orientation provides essential information about company policies, procedures, and culture. All new hires must attend."
Item 38,Training,New Employee Orientation,"https://www.pixelstalk.net/wp-content/uploads/2016/07/Free-Amazing-Background-Images-Nature.jpg"
Item 39,Training,New Employee Orientation,"Welcome New Employees! Orientation covers company history and values, HR policies and procedures, IT setup and security, and team introductions."
Item 40,Training,New Employee Orientation,"The orientation program has been updated to include new safety protocols and remote work guidelines."
Item 41,Training,New Employee Orientation,"https://www.pixelstalk.net/wp-content/uploads/2016/08/Beautiful-nature-cool-images-background-hd.jpg"
Item 42,Training,New Employee Orientation,"Updated program includes hybrid work policies and digital collaboration tools training."
Item 43,Training,New Employee Orientation,"Feedback from recent orientation sessions has been positive. Participants feel well-prepared for their roles."
Item 44,Training,New Employee Orientation,"https://BadURL/BadURL.jpg"
Item 45,Training,New Employee Orientation,"Orientation Feedback: Average Rating 4.8/5. ""Very informative and well-organized""."
Item 46,Training,Technical Skills Workshop,"Technical skills workshops provide hands-on training for various software tools and technologies used in our daily work."
Item 47,Training,Technical Skills Workshop,"https://www.pixelstalk.net/wp-content/uploads/2016/07/Free-Amazing-Background-Images-Nature.jpg"
Item 48,Training,Technical Skills Workshop,"Technical Skills Workshop: Upcoming sessions include Advanced Excel (2 days), Power BI Fundamentals (3 days), and Python for Data Analysis (5 days)."
Item 49,Training,Technical Skills Workshop,"The Excel workshop covers advanced formulas, pivot tables, and data visualization techniques."
Item 50,Training,Technical Skills Workshop,"https://www.pixelstalk.net/wp-content/uploads/2016/08/Beautiful-nature-cool-images-background-hd.jpg"
Item 51,Training,Technical Skills Workshop,"Excel workshop fully booked. Waitlist available for next session."
Item 52,Training,Technical Skills Workshop,"Power BI workshop focuses on creating interactive dashboards and reports for data analysis."
Item 53,Training,Technical Skills Workshop,"https://BadURL/BadURL.jpg"
Item 54,Training,Technical Skills Workshop,"Power BI Workshop: Learn to create interactive dashboards. Prerequisites: Basic Excel knowledge."
Item 55,Training,Leadership Development,"Leadership development program helps managers and supervisors improve their leadership skills and team management abilities."
Item 56,Training,Leadership Development,"https://www.pixelstalk.net/wp-content/uploads/2016/07/Free-Amazing-Background-Images-Nature.jpg"
Item 57,Training,Leadership Development,"Leadership Development Program: Program modules include Effective Communication, Conflict Resolution, Performance Management, and Strategic Thinking."
Item 58,Training,Leadership Development,"The program includes both classroom training and practical application through real-world scenarios and case studies."
Item 59,Training,Leadership Development,"https://www.pixelstalk.net/wp-content/uploads/2016/08/Beautiful-nature-cool-images-background-hd.jpg"
Item 60,Training,Leadership Development,"Program accredited by professional development organization. CEUs available for participants."
Item 61,Training,Leadership Development,"Graduates of the program report improved team performance and better employee satisfaction scores."
Item 62,Training,Leadership Development,"https://BadURL/BadURL.jpg"
Item 63,Training,Leadership Development,"Program Success: 95% of participants report improved leadership skills. Average team satisfaction increase: 23%."